variant,protocol,fold,n_train,n_test,macro_f1
full,random,0,5625,1874,0.5150767576323907
full,random,1,5625,1874,0.5195951613429352
full,random,2,5625,1874,0.5322341818844741
full,random,3,5625,1874,0.5166350246558643
full,random,4,5625,1874,0.5183898188520614
full,random,5,5625,1874,0.5373685763132761
full,random,6,5625,1874,0.5217758743861206
full,random,7,5625,1874,0.5136384163200439
full,random,8,5625,1874,0.5230645400475505
full,random,9,5625,1874,0.529571460461807
full,random,10,5625,1874,0.5263494850264226
full,random,11,5625,1874,0.5218410229361992
full,random,12,5625,1874,0.5133150471395661
full,random,13,5625,1874,0.5168540613343575
full,random,14,5625,1874,0.5331847585003177
full,random,15,5625,1874,0.5367093696673712
full,random,16,5625,1874,0.5235932711915431
full,random,17,5625,1874,0.5239336101891386
full,random,18,5625,1874,0.5197641929924967
full,random,19,5625,1874,0.5217318043653637
full,speaker,0,5605,1894,0.5069761440826134
full,speaker,1,5546,1953,0.5280250924669465
full,speaker,2,5584,1915,0.5234081541713321
full,speaker,3,5621,1878,0.5037731171599981
full,speaker,4,5602,1897,0.5148053411992676
full,speaker,5,5623,1876,0.510336032632844
full,speaker,6,5621,1878,0.5297959432942703
full,speaker,7,5611,1888,0.509879622636388
full,speaker,8,5545,1954,0.5350358515979367
full,speaker,9,5636,1863,0.4849250431450196
full,speaker,10,5644,1855,0.50611336380753
full,speaker,11,5631,1868,0.5137293552376415
full,speaker,12,5619,1880,0.5027386252648388
full,speaker,13,5638,1861,0.5120912515626704
full,speaker,14,5594,1905,0.5231073550449786
full,speaker,15,5657,1842,0.5149164230324472
full,speaker,16,5594,1905,0.5171556581431781
full,speaker,17,5566,1933,0.506876657107162
full,speaker,18,5618,1881,0.5073825054037884
full,speaker,19,5701,1798,0.4997581473658796
full,show,0,5463,2036,0.2815129129031048
full,show,1,3830,3669,0.2785423265157208
full,show,2,5957,1542,0.30605206860942813
full,show,3,5699,1800,0.2928990448967339
full,show,4,4507,2992,0.29206825980284334
full,show,5,5408,2091,0.3100729210407485
full,show,6,3244,4255,0.2953787572312119
full,show,7,6811,688,0.3247424089590193
full,show,8,5057,2442,0.2401518628630698
full,show,9,6576,923,0.2929893271660619
full,show,10,5845,1654,0.3650544272965317
full,show,11,5912,1587,0.33841014059502333
full,show,12,4730,2769,0.23207447352109475
full,show,13,6605,894,0.3326215552044936
full,show,14,5825,1674,0.2973563875898035
full,show,15,5833,1666,0.34104059341154985
full,show,16,4197,3302,0.2582338007979745
full,show,17,6352,1147,0.327094674986514
full,show,18,5032,2467,0.2885954133931965
full,show,19,5080,2419,0.2382024654078602
nonspeech,random,0,5625,1874,0.5071842221498081
nonspeech,random,1,5625,1874,0.500680421528379
nonspeech,random,2,5625,1874,0.5144400109756874
nonspeech,random,3,5625,1874,0.5014738158518927
nonspeech,random,4,5625,1874,0.5023757261445222
nonspeech,random,5,5625,1874,0.5158586681179865
nonspeech,random,6,5625,1874,0.5068787810345512
nonspeech,random,7,5625,1874,0.5077162415827711
nonspeech,random,8,5625,1874,0.5177792720924533
nonspeech,random,9,5625,1874,0.5263471495276594
nonspeech,random,10,5625,1874,0.530621762439946
nonspeech,random,11,5625,1874,0.49318876176086607
nonspeech,random,12,5625,1874,0.5044741931209821
nonspeech,random,13,5625,1874,0.5110489975294216
nonspeech,random,14,5625,1874,0.5052839363610985
nonspeech,random,15,5625,1874,0.5179837447949094
nonspeech,random,16,5625,1874,0.5043534357261944
nonspeech,random,17,5625,1874,0.5173074718096666
nonspeech,random,18,5625,1874,0.5126844775335156
nonspeech,random,19,5625,1874,0.49415640918114745
nonspeech,speaker,0,5605,1894,0.5007158849198033
nonspeech,speaker,1,5546,1953,0.5065864320084438
nonspeech,speaker,2,5584,1915,0.5164785977867692
nonspeech,speaker,3,5621,1878,0.49575698505672466
nonspeech,speaker,4,5602,1897,0.5080939886060091
nonspeech,speaker,5,5623,1876,0.4829895664731268
nonspeech,speaker,6,5621,1878,0.5044460948120627
nonspeech,speaker,7,5611,1888,0.5069734419053102
nonspeech,speaker,8,5545,1954,0.5030064906559035
nonspeech,speaker,9,5636,1863,0.5135078646684743
nonspeech,speaker,10,5644,1855,0.5077639429037694
nonspeech,speaker,11,5631,1868,0.5249911070736811
nonspeech,speaker,12,5619,1880,0.4875486805593076
nonspeech,speaker,13,5638,1861,0.49299294538458754
nonspeech,speaker,14,5594,1905,0.5067819740417887
nonspeech,speaker,15,5657,1842,0.5050381756452892
nonspeech,speaker,16,5594,1905,0.5153725938851365
nonspeech,speaker,17,5566,1933,0.5022376483992207
nonspeech,speaker,18,5618,1881,0.4757868054524561
nonspeech,speaker,19,5701,1798,0.483552699840985
nonspeech,show,0,5463,2036,0.26464745367766246
nonspeech,show,1,3830,3669,0.2625043088433784
nonspeech,show,2,5957,1542,0.3391082945863781
nonspeech,show,3,5699,1800,0.29883889803066066
nonspeech,show,4,4507,2992,0.32900849728074677
nonspeech,show,5,5408,2091,0.32726261844301585
nonspeech,show,6,3244,4255,0.29358286958934715
nonspeech,show,7,6811,688,0.3876228074971202
nonspeech,show,8,5057,2442,0.26121088537857057
nonspeech,show,9,6576,923,0.296108729954578
nonspeech,show,10,5845,1654,0.36605422230923984
nonspeech,show,11,5912,1587,0.3690239912926328
nonspeech,show,12,4730,2769,0.2646702963362209
nonspeech,show,13,6605,894,0.326369900361758
nonspeech,show,14,5825,1674,0.24178326521676585
nonspeech,show,15,5833,1666,0.4135980753066133
nonspeech,show,16,4197,3302,0.2601434280984713
nonspeech,show,17,6352,1147,0.30753824191866935
nonspeech,show,18,5032,2467,0.2604182987149461
nonspeech,show,19,5080,2419,0.22412934364217188
cmvn,random,0,5625,1874,0.4858858066927687
cmvn,random,1,5625,1874,0.5184388215465009
cmvn,random,2,5625,1874,0.48626966628674695
cmvn,random,3,5625,1874,0.5043696123985382
cmvn,random,4,5625,1874,0.493364061728741
cmvn,random,5,5625,1874,0.4967949831065856
cmvn,random,6,5625,1874,0.49010859198637724
cmvn,random,7,5625,1874,0.4827584206118592
cmvn,random,8,5625,1874,0.49131557480520405
cmvn,random,9,5625,1874,0.5097941265311466
cmvn,random,10,5625,1874,0.5034783579146495
cmvn,random,11,5625,1874,0.48294857395454155
cmvn,random,12,5625,1874,0.49555181716645924
cmvn,random,13,5625,1874,0.49335780356635556
cmvn,random,14,5625,1874,0.5070497066650385
cmvn,random,15,5625,1874,0.5103448919692791
cmvn,random,16,5625,1874,0.4983035486581373
cmvn,random,17,5625,1874,0.5042927596122205
cmvn,random,18,5625,1874,0.49702608182455665
cmvn,random,19,5625,1874,0.49788434668625675
cmvn,speaker,0,5605,1894,0.48039842790964654
cmvn,speaker,1,5546,1953,0.4940647408795134
cmvn,speaker,2,5584,1915,0.49279792692528895
cmvn,speaker,3,5621,1878,0.493352612383893
cmvn,speaker,4,5602,1897,0.5067708565634486
cmvn,speaker,5,5623,1876,0.48085458251338825
cmvn,speaker,6,5621,1878,0.5018357612010341
cmvn,speaker,7,5611,1888,0.49748783210828407
cmvn,speaker,8,5545,1954,0.49379840791673213
cmvn,speaker,9,5636,1863,0.4996879437612196
cmvn,speaker,10,5644,1855,0.4932705917815519
cmvn,speaker,11,5631,1868,0.5133572138354191
cmvn,speaker,12,5619,1880,0.471209172739724
cmvn,speaker,13,5638,1861,0.5002086944627354
cmvn,speaker,14,5594,1905,0.49218262625670034
cmvn,speaker,15,5657,1842,0.4755365506685503
cmvn,speaker,16,5594,1905,0.5021966280877658
cmvn,speaker,17,5566,1933,0.48890252233297354
cmvn,speaker,18,5618,1881,0.47485868298816225
cmvn,speaker,19,5701,1798,0.4821946330128623
cmvn,show,0,5463,2036,0.27568984696055887
cmvn,show,1,3830,3669,0.25960568555821406
cmvn,show,2,5957,1542,0.35950922924103
cmvn,show,3,5699,1800,0.30395217243471095
cmvn,show,4,4507,2992,0.2958907590638875
cmvn,show,5,5408,2091,0.2925241735473712
cmvn,show,6,3244,4255,0.29047162727803133
cmvn,show,7,6811,688,0.38367398389156904
cmvn,show,8,5057,2442,0.23837136482521873
cmvn,show,9,6576,923,0.40995698146580173
cmvn,show,10,5845,1654,0.3139035058281301
cmvn,show,11,5912,1587,0.3648291857972268
cmvn,show,12,4730,2769,0.23375788698481248
cmvn,show,13,6605,894,0.3789528030227905
cmvn,show,14,5825,1674,0.2930562444565072
cmvn,show,15,5833,1666,0.3318772019250773
cmvn,show,16,4197,3302,0.2755883235557086
cmvn,show,17,6352,1147,0.335990634971202
cmvn,show,18,5032,2467,0.24923259790671806
cmvn,show,19,5080,2419,0.19588924254717177
